00,Admin,111-111-1111,admin@email.com,222 Main St Lawrence KS 66046,admin,active
01,Alham Aihmoud,913-123-4567,aaihmoud@email.com,123 Main St Springfield IL 62701,member,active
02,Dalan Dyvis,914-234-5678,ddyvis@email.com,456 Elm St Albany NY 12207,member,active
03,Woshua Jelicky,915-345-6789,wjelicky@email.com,789 Oak St Madison WI 53703,member,active
04,Aldley Ashdave,916-456-7890,aashdave@email.com,101 Pine St Salem OR 97301,member,active
05,Ahyyir Named,917-567-8901,anamed@email.com,202 Maple St Boise ID 83702,member,active
06,Alabama Almood,918-678-9012,aalmood@email.com,303 Birch St Helena MT 59601,member,active
07,Nate Ahmed,919-789-0123,nahmed@email.com,404 Cedar St Trenton NJ 08608,member,active
08,Nason Gibthan,920-890-1234,ngibthan@email.com,505 Spruce St Hartford CT 06103,member,active
09,John Chumbles,921-901-2345,jchumbles@chumbles.aero,606 Fir St Baton Rouge LA 70802,member,active
10,Frank Gill,922-012-3456,fgill@email.com,707 Willow St Des Moines IA 50309,member,active
11,Gertrude Mollychalk,923-987-6543,gmollychalk@email.com,808 Cherry St Providence RI 02903,member,active
12,TingHao Guo,924-876-5432,thguo@email.com,909 Dogwood St Cheyenne WY 82001,member,active
13,Ahkariya Zamed,925-765-4321,rizzgod6@email.com,1010 Magnolia St Dover DE 19901,member,active
14,Pidur Vandiripally,926-654-3210,pvandiripally@email.com,1111 Palm St Juneau AK 99801,member,active
15,Dunchan Lin,927-543-2109,thebanquet@email.com,1212 Cypress St Pierre SD 57501,member,active
16,Adam Nedal,928-432-1098,anedal@email.com,1313 Redwood St Concord NH 03301,member,active
17,Dongo Roja,929-321-0987,droja@email.com,1414 Sequoia St Frankfort KY 40601,member,active
18,China Walker,930-210-9876,cwalker@email.com,1515 Hemlock St Montpelier VT 05602,member,active
19,Connie Harris,931-109-8765,charris@email.com,1616 Larch St Little Rock AR 72201,member,active
20,Zaatar Mustafa,932-098-7654,zaatarcomet@email.com,1717 Juniper St Carson City NV 89701,member,active
21,Bowen Maresh,933-346-2334,bmaresh@email.com,1818 Spruce St Columbia SC 29201,member,active
22,Adhman Praikari,934-485-4853,smartadhman@email.com,1919 Fir St Tallahassee FL 32301,member,active
23,Puke Maresh,935-374-4845,googie.mar@email.com,2020 Cedar St Annapolis MD 21401,member,active
24,Mahtab Sheshappa,936-485-3894,msheshappa@chumbles.aero,2121 Birch St Santa Fe NM 87501,member,active
25,LeBron James,111-111-1111,kingjames@email.com,1234 King St Raleigh NC 27601,member,active
26,Emily Carter,407-835-2641,emily.carter87@gmail.com,1257 Pine Lane Orlando FL 32801,member,active  
27,Liam Rodriguez,312-591-7783,liam.rodriguez33@yahoomail.com,88 S Halsted St Chicago IL 60661,member,active  
28,Sophia Patel,415-223-9984,sophia.patel24@outlook.com,4423 Mission St San Francisco CA 94112,member,active  
29,Noah Thompson,267-882-7309,noah.t@gmail.com,2124 Walnut St Philadelphia PA 19103,member,active  
30,Ava Martinez,602-445-9176,ava.martinez90@yahoomail.com,3041 E Camelback Rd Phoenix AZ 85016,member,active  
31,Benjamin Lee,617-901-5543,ben.lee45@outlook.com,9 Beacon St Boston MA 02108,member,active  
32,Mia Nguyen,206-555-3829,mia.nguyen99@gmail.com,1102 Pike St Seattle WA 98101,member,active  
33,Elijah Walker,404-629-7332,elijah.w@yahoomail.com,678 Peachtree St NE Atlanta GA 30308,member,active  
34,Isabella Kim,512-330-0198,isabella.kim@outlook.com,2301 Lamar Blvd Austin TX 78704,member,active  
35,James Scott,213-782-6240,james.scott73@gmail.com,3923 Sunset Blvd Los Angeles CA 90026,member,active  
36,Charlotte Davis,917-990-3490,charlotte.d@yahoomail.com,511 W 146th St New York NY 10031,member,active  
37,William Young,720-661-2045,william.young@outlook.com,1551 Broadway St Denver CO 80203,member,active  
38,Amelia Harris,901-482-2771,amelia.harris@gmail.com,420 Poplar Ave Memphis TN 38105,member,active  
39,Lucas Hall,614-744-3930,lucas.hall@yahoomail.com,788 E Broad St Columbus OH 43205,member,active  
40,Harper Robinson,503-874-9982,harper.robinson@outlook.com,1231 NE Couch St Portland OR 97232,member,active  
41,Henry Lewis,816-904-7113,henry.lewis@gmail.com,1601 Oak St Kansas City MO 64108,member,active  
42,Evelyn Allen,305-662-1284,evelyn.allen@yahoomail.com,7501 SW 88th St Miami FL 33156,member,active  
43,Alexander Wright,608-242-3719,alex.wright@outlook.com,1814 E Washington Ave Madison WI 53704,member,active  
44,Abigail King,804-902-1453,abigail.king@gmail.com,4101 W Broad St Richmond VA 23230,member,active  
45,Daniel Green,918-493-0004,daniel.green@yahoomail.com,7800 S Lewis Ave Tulsa OK 74136,member,active  
46,Scarlett Baker,916-673-9221,scarlett.baker@outlook.com,2201 J St Sacramento CA 95816,member,active  
47,Jackson Perez,713-777-1622,jackson.perez@gmail.com,6100 Main St Houston TX 77005,member,active  
48,Ella Adams,702-903-8811,ella.adams@yahoomail.com,3800 Howard Hughes Pkwy Las Vegas NV 89169,member,active  
49,Michael Rivera,612-889-3020,michael.rivera@outlook.com,800 Washington Ave SE Minneapolis MN 55414,member,active  
50,Grace Torres,919-204-1119,grace.torres@gmail.com,320 E Chapel Hill St Durham NC 27701,member,active
51,Libb Mann,912-985-9395,libbmann@gmail.com,322 E Hughes St Lawrence KS 66046,staff,active
52,Libb Manny,930-834-2399,libbmanny@gmail.com,323 E Hughes St Lawrence KS 66046,staff,active
